Name,Price,Rating
Qubo Smart 360 WiFi CCTV Security,"₹2,290",4.0 out of 5 stars
PHILIPS Smart Indoor WiFi Security,"₹2,399",4.9 out of 5 stars
TP-Link Tapo 360° 2MP 1080p Full HD Pan/Tilt Home Security Wi-Fi Smart,"₹2,299",4.3 out of 5 stars
MI Xiaomi Wireless Home Security,"₹2,999",4.1 out of 5 stars
CP PLUS 2MP Full HD Smart Wi-Fi CCTV Home Security,"₹1,649",3.7 out of 5 stars
Fujifilm Instax Square Link Smartphone Instant Photo Printer - White,"₹14,953",4.6 out of 5 stars
TP-Link Tapo C210 360° 3MP Full HD 2304 X 1296P Video Pan/Tilt Smart Wi-Fi Security,"₹2,699",4.2 out of 5 stars
Canon EOS 1500D 24.1 Digital SLR,"₹41,989",4.4 out of 5 stars
Imou 360° 1080P Full HD Security,"₹1,719",4.1 out of 5 stars
CP PLUS 3MP Full HD Smart Wi-fi CCTV Home Security,"₹2,027",3.8 out of 5 stars
CATBAT Kids,₹899,3.2 out of 5 stars
ApnaCam Full HD Outdoor PTZ Dome Wi-Fi,"₹2,399",5.0 out of 5 stars
TECHDASH® 16MP 4K HD Digital Action,"₹2,199",3.0 out of 5 stars
CP PLUS 3 MP Full HD Smart Wi-fi CCTV,"₹1,698",3.8 out of 5 stars
FitSpark Eagle i9 Plus IPS Touchscreen Professional Dual Screen Real 4K 30FPS WiFi Action,"₹9,499",4.2 out of 5 stars
PHILIPS Smart Indoor WiFi Security,"₹2,399",4.9 out of 5 stars
CP PLUS 4MP Wi-fi PT Home Security Smart,"₹2,499",3.6 out of 5 stars
MI 360 Home Security Wireless,"₹4,499",4.1 out of 5 stars
Action,"₹1,299",2.8 out of 5 stars
TP-Link Tapo 2MP 1080p Full HD Home Security Wi-Fi Smart,"₹1,999",4.1 out of 5 stars
Qubo Smart 360 WiFi CCTV Security,"₹2,290",4.0 out of 5 stars
CP PLUS 3MP Full HD Smart Wi-fi CCTV Home Security,"₹2,027",3.8 out of 5 stars
CP PLUS 2MP Full HD Smart Wi-Fi CCTV Home Security,"₹1,649",3.7 out of 5 stars
Fujifilm Instax Mini Evo Hybrid,"₹19,999",4.3 out of 5 stars
Canon EOS 1500D 24.1 Digital SLR,"₹41,989",4.4 out of 5 stars
Canon EOS 1500D 24.1 Digital SLR,"₹41,989",4.4 out of 5 stars
Canon EOS 3000D 18MP Digital SLR,"₹33,490",4.2 out of 5 stars
Canon EOS 200D II 24.1MP Digital SLR,"₹59,990",4.5 out of 5 stars
Sony Alpha ILCE 6100L 24.2 MP Mirrorless Digital SLR,"₹66,990",4.4 out of 5 stars
Canon EOS 1500D 24.1 Digital SLR,"₹41,989",4.4 out of 5 stars
Canon EOS 3000D 18MP Digital SLR,"₹33,490",4.2 out of 5 stars
Canon EOS 200D II 24.1MP Digital SLR,"₹59,990",4.5 out of 5 stars
Nikon D7500 20.9MP Digital SLR,N/A,4.5 out of 5 stars
